{"cameraMode":{"drawMode":0,"name":"Shaded","section":"Shading Mode"},"sceneLighting":true,"audioPlay":false,"sceneViewState":{"showFog":true,"showMaterialUpdate":false,"showSkybox":true,"showFlares":true,"showImageEffects":true,"showParticleSystems":true},"in2DMode":false,"pivot":{"x":-126.08709716796875,"y":304.4163818359375,"z":-98.30914306640625},"rotation":{"x":-0.14561587572097779,"y":-0.8380391001701355,"z":0.45077580213546755,"w":-0.2707170844078064},"size":1568.97509765625,"orthographic":false}