{"cameraMode":{"drawMode":0,"name":"Shaded","section":"Shading Mode"},"sceneLighting":true,"audioPlay":false,"sceneViewState":{"showFog":true,"showMaterialUpdate":false,"showSkybox":true,"showFlares":true,"showImageEffects":true,"showParticleSystems":true},"in2DMode":false,"pivot":{"x":-72.25496673583985,"y":182.00511169433595,"z":169.0032958984375},"rotation":{"x":-0.14561587572097779,"y":-0.8380391001701355,"z":0.45077580213546755,"w":-0.2707170844078064},"size":469.2982177734375,"orthographic":false}