{"cameraMode":{"drawMode":2,"name":"Shaded Wireframe","section":"Shading Mode"},"sceneLighting":true,"audioPlay":false,"sceneViewState":{"showFog":true,"showMaterialUpdate":false,"showSkybox":true,"showFlares":true,"showImageEffects":true,"showParticleSystems":true},"in2DMode":false,"pivot":{"x":763.5155029296875,"y":131.6232452392578,"z":-23.7855224609375},"rotation":{"x":-0.010477021336555481,"y":-0.06594843417406082,"z":0.0006924942135810852,"w":-0.9977678060531616},"size":1161.0697021484375,"orthographic":false}