{"cameraMode":{"drawMode":0,"name":"Shaded","section":"Shading Mode"},"sceneLighting":true,"audioPlay":false,"sceneViewState":{"showFog":true,"showMaterialUpdate":false,"showSkybox":true,"showFlares":true,"showImageEffects":true,"showParticleSystems":true},"in2DMode":false,"pivot":{"x":101.16830444335938,"y":206.9250030517578,"z":-0.05523681640625},"rotation":{"x":-0.006851844489574432,"y":0.9360316395759583,"z":-0.018255768343806268,"w":-0.35137537121772768},"size":759.709228515625,"orthographic":false}