{"cameraMode":{"drawMode":0,"name":"Shaded","section":"Shading Mode"},"sceneLighting":true,"audioPlay":false,"sceneViewState":{"showFog":true,"showMaterialUpdate":false,"showSkybox":true,"showFlares":true,"showImageEffects":true,"showParticleSystems":true},"in2DMode":false,"pivot":{"x":-164.1827392578125,"y":85.45069885253906,"z":178.5368194580078},"rotation":{"x":-0.13080255687236787,"y":-0.8652433753013611,"z":0.2949187159538269,"w":-0.3837546110153198},"size":236.3912353515625,"orthographic":false}