{"cameraMode":{"drawMode":0,"name":"Shaded","section":"Shading Mode"},"sceneLighting":true,"audioPlay":false,"sceneViewState":{"showFog":true,"showMaterialUpdate":false,"showSkybox":true,"showFlares":true,"showImageEffects":true,"showParticleSystems":true},"in2DMode":false,"pivot":{"x":78.3963394165039,"y":174.80111694335938,"z":111.75164794921875},"rotation":{"x":-0.0016714540543034673,"y":0.9980069398880005,"z":-0.05544638633728027,"w":-0.030086738988757135},"size":404.7212829589844,"orthographic":false}